hour,threshold,signals,win_rate,avg_move,days
9,-0.4,1301,0.17140661029976942,0.0396867794004618,5
9,-0.5,1056,0.15625,0.04203835227272816,5
9,-0.6,834,0.15587529976019185,0.042718824940049104,5
9,-0.7,606,0.17491749174917492,0.04163778877887883,5
10,-0.4,2105,0.32636579572446556,0.010697149643705658,5
10,-0.5,1657,0.33735666867833436,0.010728726614363557,5
10,-0.6,1172,0.35665529010238906,0.009746160409556701,5
10,-0.7,779,0.33889602053915274,0.014945442875481458,5
11,-0.4,1945,0.05244215938303342,0.029469151670951273,5
11,-0.5,1391,0.0603882099209202,0.029007907979870663,5
11,-0.6,849,0.05653710247349823,0.03164310954063609,5
11,-0.7,504,0.05357142857142857,0.034489087301587174,5
12,-0.4,2288,0.38548951048951047,-0.00773273601398595,5
12,-0.5,1774,0.44081172491544535,-0.013111612175873663,5
12,-0.6,1299,0.4857582755966128,-0.017576982294072414,5
12,-0.7,910,0.5615384615384615,-0.024862637362637566,5
13,-0.4,2894,0.6520387007601935,-0.05589581893573037,5
13,-0.5,2201,0.7237619263970922,-0.06757383007723887,5
13,-0.6,1705,0.8134897360703812,-0.08092375366569056,5
13,-0.7,1266,0.8696682464454977,-0.08943522906793164,5
14,-0.4,2755,0.6442831215970962,-0.05080217785843841,5
14,-0.5,2125,0.6927058823529412,-0.0609529411764697,5
14,-0.6,1681,0.7400356930398573,-0.06735722784057037,5
14,-0.7,1254,0.7607655502392344,-0.07447567783094033,5
15,-0.4,1529,0.8077174623937214,-0.04410725964682873,5
15,-0.5,1179,0.8006785411365565,-0.04304495335029772,5
15,-0.6,774,0.8372093023255814,-0.04538113695090566,5
15,-0.7,430,0.8348837209302326,-0.04311627906977,5
